{"lstTreeData":[{"id":1,"position":{"x":51.27958679199219,"y":0.4999999701976776,"z":-13.428852081298829}}]}
